Secuencia2022,Orden2022,Familia2022,Nombre.2022,Estado2022,Actualización,Clements2024_English_Name,Clements2024_Scientific_Name,Nombre_IUCN_20250426,Nombre_IUCN_20251106,IUCN_category_20251106,IUCN_category_20250426,National_threat,Endemic,Range_restricted_062024,Austral_Migrant,Boreal_Migrant,Resident,Priority,Scientific_name_Clements2021,English_name_Clements2021
4,Tinamiformes,Tinamidae,Tinamus tao,Residente,,Gray Tinamou,Tinamus tao,Tinamus tao,Tinamus tao,VU,VU,,FALSE,FALSE,,,TRUE,1,Tinamus tao,Gray Tinamou
5,Tinamiformes,Tinamidae,Tinamus osgoodi,Residente,,Black Tinamou,Tinamus osgoodi,Tinamus osgoodi,Tinamus osgoodi,VU,VU,EN,FALSE,FALSE,,,TRUE,1,Tinamus osgoodi,Black Tinamou
11,Tinamiformes,Tinamidae,Crypturellus obsoletus,Residente,,Brown Tinamou,Crypturellus obsoletus,Crypturellus obsoletus,Crypturellus obsoletus,LC,LC,CR,FALSE,FALSE,,,TRUE,1,Crypturellus obsoletus,Brown Tinamou
15,Tinamiformes,Tinamidae,Crypturellus kerriae,Residente,,Choco Tinamou,Crypturellus kerriae,Crypturellus kerriae,Crypturellus kerriae,NT,NT,VU,FALSE,TRUE,,,TRUE,1,Crypturellus kerriae,Choco Tinamou
21,Anseriformes,Anhimidae,Chauna chavaria,Residente,,Northern Screamer,Chauna chavaria,Chauna chavaria,Chauna chavaria,LC,LC,VU,FALSE,FALSE,,,TRUE,1,Chauna chavaria,Northern Screamer
25,Anseriformes,Anatidae,Oressochen jubatus,Residente,,Orinoco Goose,Oressochen jubatus,Neochen jubata,Neochen jubata,LC,NT,VU,FALSE,FALSE,,,TRUE,1,Oressochen jubatus,Orinoco Goose
27,Anseriformes,Anatidae,Sarkidiornis sylvicola,Residente,,Comb Duck,Sarkidiornis sylvicola,Sarkidiornis sylvicola,Sarkidiornis sylvicola,LC,LC,EN,FALSE,FALSE,,,TRUE,1,Sarkidiornis sylvicola,Comb Duck
34,Anseriformes,Anatidae,Spatula cyanoptera,Migratorio Boreal - Residente,,Cinnamon Teal,Spatula cyanoptera,Spatula cyanoptera,Spatula cyanoptera,LC,LC,EN,FALSE,FALSE,,TRUE,TRUE,1,Spatula cyanoptera,Cinnamon Teal
38,Anseriformes,Anatidae,Anas georgica,Residente,,Yellow-billed Pintail,Anas georgica,Anas georgica,Anas georgica,LC,LC,VU,FALSE,FALSE,,,TRUE,1,Anas georgica,Yellow-billed Pintail
42,Anseriformes,Anatidae,Netta erythrophthalma,Residente,,Southern Pochard,Netta erythrophthalma,Netta erythrophthalma,Netta erythrophthalma,LC,LC,CR,FALSE,FALSE,,,TRUE,1,Netta erythrophthalma,Southern Pochard
48,Anseriformes,Anatidae,Oxyura jamaicensis,Migratorio Boreal? - Residente,,Andean Duck,Oxyura ferruginea,Oxyura ferruginea,Oxyura ferruginea,LC,LC,EN,FALSE,FALSE,,Uncertain,TRUE,1,Oxyura ferruginea,Andean Duck
51,Galliformes,Cracidae,Penelope ortoni,Residente,,Baudo Guan,Penelope ortoni,Penelope ortoni,Penelope ortoni,EN,EN,VU,FALSE,FALSE,,,TRUE,1,Penelope ortoni,Baudo Guan
55,Galliformes,Cracidae,Penelope perspicax,Residente Endémica,,Cauca Guan,Penelope perspicax,Penelope perspicax,Penelope perspicax,VU,VU,EN,TRUE,TRUE,,,TRUE,1,Penelope perspicax,Cauca Guan
59,Galliformes,Cracidae,Ortalis garrula,Residente Endémica,,Chestnut-winged Chachalaca,Ortalis garrula,Ortalis garrula,Ortalis garrula,LC,LC,,TRUE,TRUE,,,TRUE,1,Ortalis garrula,Chestnut-winged Chachalaca
61,Galliformes,Cracidae,Ortalis erythroptera,Residente,,Rufous-headed Chachalaca,Ortalis erythroptera,Ortalis erythroptera,Ortalis erythroptera,VU,VU,NT,FALSE,FALSE,,,TRUE,1,Ortalis erythroptera,Rufous-headed Chachalaca
62,Galliformes,Cracidae,Ortalis columbiana,Residente Endémica,,Colombian Chachalaca,Ortalis columbiana,Ortalis columbiana,Ortalis columbiana,LC,LC,,TRUE,FALSE,,,TRUE,1,Ortalis columbiana,Colombian Chachalaca
66,Galliformes,Cracidae,Crax rubra,Residente,,Great Curassow,Crax rubra,Crax rubra,Crax rubra,VU,VU,VU,FALSE,FALSE,,,TRUE,1,Crax rubra,Great Curassow
67,Galliformes,Cracidae,Crax alberti,Residente Endémica,,Blue-billed Curassow,Crax alberti,Crax alberti,Crax alberti,CR,CR,CR,TRUE,TRUE,,,TRUE,1,Crax alberti,Blue-billed Curassow
68,Galliformes,Cracidae,Crax daubentoni,Residente,,Yellow-knobbed Curassow,Crax daubentoni,Crax daubentoni,Crax daubentoni,NT,NT,EN,FALSE,FALSE,,,TRUE,1,Crax daubentoni,Yellow-knobbed Curassow
70,Galliformes,Cracidae,Crax globulosa,Residente,,Wattled Curassow,Crax globulosa,Crax globulosa,Crax globulosa,EN,EN,EN,FALSE,FALSE,,,TRUE,1,Crax globulosa,Wattled Curassow
74,Galliformes,Cracidae,Pauxi pauxi,Residente,,Helmeted Curassow,Pauxi pauxi,Pauxi pauxi,Pauxi pauxi,VU,VU,EN,FALSE,TRUE,,,TRUE,1,Pauxi pauxi,Helmeted Curassow
78,Galliformes,Odontophoridae,Odontophorus atrifrons,Residente,,Black-fronted Wood-Quail,Odontophorus atrifrons,Odontophorus atrifrons,Odontophorus atrifrons,LC,LC,NT,FALSE,TRUE,,,TRUE,1,Odontophorus atrifrons,Black-fronted Wood-Quail
80,Galliformes,Odontophoridae,Odontophorus hyperythrus,Residente Endémica,,Chestnut Wood-Quail,Odontophorus hyperythrus,Odontophorus hyperythrus,Odontophorus hyperythrus,LC,LC,,TRUE,TRUE,,,TRUE,1,Odontophorus hyperythrus,Chestnut Wood-Quail
81,Galliformes,Odontophoridae,Odontophorus melanonotus,Residente,,Dark-backed Wood-Quail,Odontophorus melanonotus,Odontophorus melanonotus,Odontophorus melanonotus,LC,LC,EN,FALSE,TRUE,,,TRUE,1,Odontophorus melanonotus,Dark-backed Wood-Quail
83,Galliformes,Odontophoridae,Odontophorus dialeucos,Residente,,Tacarcuna Wood-Quail,Odontophorus dialeucos,Odontophorus dialeucos,Odontophorus dialeucos,LC,LC,EN,FALSE,FALSE,,,TRUE,1,Odontophorus dialeucos,Tacarcuna Wood-Quail
84,Galliformes,Odontophoridae,Odontophorus strophium,Residente Endémica,,Gorgeted Wood-Quail,Odontophorus strophium,Odontophorus strophium,Odontophorus strophium,VU,VU,EN,TRUE,TRUE,,,TRUE,1,Odontophorus strophium,Gorgeted Wood-Quail
86,Phoenicopteriformes,Phoenicopteridae,Phoenicopterus ruber,Residente,,American Flamingo,Phoenicopterus ruber,Phoenicopterus ruber,Phoenicopterus ruber,LC,LC,EN,FALSE,FALSE,,,TRUE,1,Phoenicopterus ruber,American Flamingo
90,Podicipediformes,Podicipedidae,Podiceps occipitalis,Residente,,Silvery Grebe,Podiceps occipitalis,Podiceps occipitalis,Podiceps occipitalis,LC,LC,CR,FALSE,FALSE,,,TRUE,1,Podiceps occipitalis,Silvery Grebe
101,Columbiformes,Columbidae,Geotrygon purpurata,Residente,,Purple Quail-Dove,Geotrygon purpurata,Geotrygon purpurata,Geotrygon purpurata,EN,EN,,FALSE,FALSE,,,TRUE,1,Geotrygon purpurata,Purple Quail-Dove
108,Columbiformes,Columbidae,Leptotila conoveri,Residente Endémica,,Tolima Dove,Leptotila conoveri,Leptotila conoveri,Leptotila conoveri,NT,NT,VU,TRUE,TRUE,,,TRUE,1,Leptotila conoveri,Tolima Dove
109,Columbiformes,Columbidae,Leptotila jamaicensis,Residente,,Caribbean Dove,Leptotila jamaicensis,Leptotila jamaicensis,Leptotila jamaicensis,LC,LC,CR,FALSE,FALSE,,,TRUE,1,Leptotila jamaicensis,Caribbean Dove
115,Columbiformes,Columbidae,Zentrygon goldmani,Residente,,Russet-crowned Quail-Dove,Zentrygon goldmani,Zentrygon goldmani,Zentrygon goldmani,NT,NT,VU,FALSE,TRUE,,,TRUE,1,Zentrygon goldmani,Russet-crowned Quail-Dove
135,Cuculiformes,Cuculidae,Neomorphus geoffroyi,Residente,,Rufous-vented Ground-Cuckoo,Neomorphus geoffroyi,Neomorphus geoffroyi,Neomorphus geoffroyi,VU,VU,,FALSE,FALSE,,,TRUE,1,Neomorphus geoffroyi,Rufous-vented Ground-Cuckoo
136,Cuculiformes,Cuculidae,Neomorphus radiolosus,Residente,,Banded Ground-Cuckoo,Neomorphus radiolosus,Neomorphus radiolosus,Neomorphus radiolosus,VU,VU,EN,FALSE,FALSE,,,TRUE,1,Neomorphus radiolosus,Banded Ground-Cuckoo
181,Apodiformes,Apodidae,Cypseloides niger,Migratorio Boreal,,Black Swift,Cypseloides niger,Cypseloides niger,Cypseloides niger,VU,VU,,FALSE,FALSE,,TRUE,,1,Cypseloides niger,Black Swift
182,Apodiformes,Apodidae,Cypseloides lemosi,Residente,,White-chested Swift,Cypseloides lemosi,Cypseloides lemosi,Cypseloides lemosi,LC,LC,DD,FALSE,TRUE,,,TRUE,1,Cypseloides lemosi,White-chested Swift
188,Apodiformes,Apodidae,Chaetura pelagica,Migratorio Boreal,,Chimney Swift,Chaetura pelagica,Chaetura pelagica,Chaetura pelagica,VU,VU,,FALSE,FALSE,,TRUE,,1,Chaetura pelagica,Chimney Swift
245,Apodiformes,Trochilidae,Phlogophilus hemileucurus,Residente,,Ecuadorian Piedtail,Phlogophilus hemileucurus,Phlogophilus hemileucurus,Phlogophilus hemileucurus,LC,LC,NT,FALSE,TRUE,,,TRUE,1,Phlogophilus hemileucurus,Ecuadorian Piedtail
248,Apodiformes,Trochilidae,Aglaiocercus coelestis,Residente,,Violet-tailed Sylph,Aglaiocercus coelestis,Aglaiocercus coelestis,Aglaiocercus coelestis,LC,LC,,FALSE,TRUE,,,TRUE,1,Aglaiocercus coelestis,Violet-tailed Sylph
250,Apodiformes,Trochilidae,Opisthoprora euryptera,Residente,,Mountain Avocetbill,Opisthoprora euryptera,Opisthoprora euryptera,Opisthoprora euryptera,LC,LC,,FALSE,TRUE,,,TRUE,1,Opisthoprora euryptera,Mountain Avocetbill
253,Apodiformes,Trochilidae,Ramphomicron dorsale,Residente Endémica,,Black-backed Thornbill,Ramphomicron dorsale,Ramphomicron dorsale,Ramphomicron dorsale,NT,NT,,TRUE,TRUE,,,TRUE,1,Ramphomicron dorsale,Black-backed Thornbill
255,Apodiformes,Trochilidae,Oxypogon stuebelii,Residente Endémica,,Buffy Helmetcrest,Oxypogon stuebelii,Oxypogon stuebelii,Oxypogon stuebelii,VU,VU,EN,TRUE,TRUE,,,TRUE,1,Oxypogon stuebelii,Buffy Helmetcrest
256,Apodiformes,Trochilidae,Oxypogon cyanolaemus,Residente Endémica,,Blue-bearded Helmetcrest,Oxypogon cyanolaemus,Oxypogon cyanolaemus,Oxypogon cyanolaemus,EN,EN,EN,TRUE,FALSE,,,TRUE,1,Oxypogon cyanolaemus,Blue-bearded Helmetcrest
257,Apodiformes,Trochilidae,Oxypogon guerinii,Residente Endémica,,Green-bearded Helmetcrest,Oxypogon guerinii,Oxypogon guerinii,Oxypogon guerinii,LC,LC,,TRUE,TRUE,,,TRUE,1,Oxypogon guerinii,Green-bearded Helmetcrest
260,Apodiformes,Trochilidae,Chalcostigma heteropogon,Residente,,Bronze-tailed Thornbill,Chalcostigma heteropogon,Chalcostigma heteropogon,Chalcostigma heteropogon,LC,LC,,FALSE,TRUE,,,TRUE,1,Chalcostigma heteropogon,Bronze-tailed Thornbill
263,Apodiformes,Trochilidae,Metallura iracunda,Residente,,Perija Metaltail,Metallura iracunda,Metallura iracunda,Metallura iracunda,NT,NT,NT,FALSE,TRUE,,,TRUE,1,Metallura iracunda,Perija Metaltail
267,Apodiformes,Trochilidae,Eriocnemis isabellae,Residente Endémica,,Gorgeted Puffleg,Eriocnemis isabellae,Eriocnemis isabellae,Eriocnemis isabellae,CR,CR,CR,TRUE,FALSE,,,TRUE,1,Eriocnemis isabellae,Gorgeted Puffleg
269,Apodiformes,Trochilidae,Eriocnemis derbyi,Residente,,Black-thighed Puffleg,Eriocnemis derbyi,Eriocnemis derbyi,Eriocnemis derbyi,LC,LC,,FALSE,TRUE,,,TRUE,1,Eriocnemis derbyi,Black-thighed Puffleg
270,Apodiformes,Trochilidae,Eriocnemis godini,Residente,,Turquoise-throated Puffleg,Eriocnemis godini,Eriocnemis godini,Eriocnemis godini,CR,CR,CR,FALSE,FALSE,,,TRUE,1,Eriocnemis godini,Turquoise-throated Puffleg
271,Apodiformes,Trochilidae,Eriocnemis cupreoventris,Residente,,Coppery-bellied Puffleg,Eriocnemis cupreoventris,Eriocnemis cupreoventris,Eriocnemis cupreoventris,LC,LC,,FALSE,TRUE,,,TRUE,1,Eriocnemis cupreoventris,Coppery-bellied Puffleg
273,Apodiformes,Trochilidae,Eriocnemis mosquera,Residente,,Golden-breasted Puffleg,Eriocnemis mosquera,Eriocnemis mosquera,Eriocnemis mosquera,LC,LC,,FALSE,TRUE,,,TRUE,1,Eriocnemis mosquera,Golden-breasted Puffleg
274,Apodiformes,Trochilidae,Eriocnemis mirabilis,Residente Endémica,,Colorful Puffleg,Eriocnemis mirabilis,Eriocnemis mirabilis,Eriocnemis mirabilis,EN,EN,EN,TRUE,TRUE,,,TRUE,1,Eriocnemis mirabilis,Colorful Puffleg
278,Apodiformes,Trochilidae,Coeligena wilsoni,Residente,,Brown Inca,Coeligena wilsoni,Coeligena wilsoni,Coeligena wilsoni,LC,LC,,FALSE,TRUE,,,TRUE,1,Coeligena wilsoni,Brown Inca
279,Apodiformes,Trochilidae,Coeligena prunellei,Residente Endémica,,Black Inca,Coeligena prunellei,Coeligena prunellei,Coeligena prunellei,VU,VU,NT,TRUE,TRUE,,,TRUE,1,Coeligena prunellei,Black Inca
281,Apodiformes,Trochilidae,Coeligena phalerata,Residente Endémica,,White-tailed Starfrontlet,Coeligena phalerata,Coeligena phalerata,Coeligena phalerata,NT,NT,,TRUE,TRUE,,,TRUE,1,Coeligena phalerata,White-tailed Starfrontlet
282,Apodiformes,Trochilidae,Coeligena orina,Residente Endémica,,Dusky Starfrontlet,Coeligena orina,Coeligena orina,Coeligena orina,EN,EN,EN,TRUE,TRUE,,,TRUE,1,Coeligena orina,Dusky Starfrontlet
291,Apodiformes,Trochilidae,Boissonneaua jardini,Residente,,Velvet-purple Coronet,Boissonneaua jardini,Boissonneaua jardini,Boissonneaua jardini,LC,LC,,FALSE,TRUE,,,TRUE,1,Boissonneaua jardini,Velvet-purple Coronet
293,Apodiformes,Trochilidae,Urochroa bougueri,Residente,,Rufous-gaped Hillstar,Urochroa bougueri,Urochroa bougueri,Urochroa bougueri,LC,LC,,FALSE,TRUE,,,TRUE,1,Urochroa bougueri,Rufous-gaped Hillstar
294,Apodiformes,Trochilidae,Urochroa leucura,Residente,,Green-backed Hillstar,Urochroa leucura,Urochroa leucura,Urochroa leucura,LC,LC,,FALSE,TRUE,,,TRUE,1,Urochroa leucura,Green-backed Hillstar
295,Apodiformes,Trochilidae,Urosticte benjamini,Residente,,Purple-bibbed Whitetip,Urosticte benjamini,Urosticte benjamini,Urosticte benjamini,LC,LC,,FALSE,TRUE,,,TRUE,1,Urosticte benjamini,Purple-bibbed Whitetip
296,Apodiformes,Trochilidae,Urosticte ruficrissa,Residente,,Rufous-vented Whitetip,Urosticte ruficrissa,Urosticte ruficrissa,Urosticte ruficrissa,LC,LC,,FALSE,TRUE,,,TRUE,1,Urosticte ruficrissa,Rufous-vented Whitetip
297,Apodiformes,Trochilidae,Heliodoxa gularis,Residente,,Pink-throated Brilliant,Heliodoxa gularis,Heliodoxa gularis,Heliodoxa gularis,LC,LC,NT,FALSE,TRUE,,,TRUE,1,Heliodoxa gularis,Pink-throated Brilliant
302,Apodiformes,Trochilidae,Heliodoxa imperatrix,Residente,,Empress Brilliant,Heliodoxa imperatrix,Heliodoxa imperatrix,Heliodoxa imperatrix,LC,LC,,FALSE,TRUE,,,TRUE,1,Heliodoxa imperatrix,Empress Brilliant
311,Apodiformes,Trochilidae,Chaetocercus astreans,Residente Endémica,,Santa Marta Woodstar,Chaetocercus astreans,Chaetocercus astreans,Chaetocercus astreans,LC,LC,,TRUE,TRUE,,,TRUE,1,Chaetocercus astreans,Santa Marta Woodstar
318,Apodiformes,Trochilidae,Chlorostilbon olivaresi,Residente Endémica,,Chiribiquete Emerald,Chlorostilbon olivaresi,Chlorostilbon olivaresi,Chlorostilbon olivaresi,LC,LC,,TRUE,FALSE,,,TRUE,1,Chlorostilbon olivaresi,Chiribiquete Emerald
319,Apodiformes,Trochilidae,Chlorostilbon russatus,Residente,,Coppery Emerald,Chlorostilbon russatus,Chlorostilbon russatus,Chlorostilbon russatus,LC,LC,,FALSE,TRUE,,,TRUE,1,Chlorostilbon russatus,Coppery Emerald
323,Apodiformes,Trochilidae,Anthocephala floriceps,Residente Endémica,,Santa Marta Blossomcrown,Anthocephala floriceps,Anthocephala floriceps,Anthocephala floriceps,VU,VU,VU,TRUE,TRUE,,,TRUE,1,Anthocephala floriceps,Santa Marta Blossomcrown
324,Apodiformes,Trochilidae,Anthocephala berlepschi,Residente Endémica,,Tolima Blossomcrown,Anthocephala berlepschi,Anthocephala berlepschi,Anthocephala berlepschi,VU,VU,VU,TRUE,FALSE,,,TRUE,1,Anthocephala berlepschi,Tolima Blossomcrown
327,Apodiformes,Trochilidae,Campylopterus phainopeplus,Residente Endémica,,Santa Marta Sabrewing,Campylopterus phainopeplus,Campylopterus phainopeplus,Campylopterus phainopeplus,CR,CR,VU,TRUE,TRUE,,,TRUE,1,Campylopterus phainopeplus,Santa Marta Sabrewing
328,Apodiformes,Trochilidae,Campylopterus villaviscensio,Residente,,Napo Sabrewing,Campylopterus villaviscensio,Campylopterus villaviscensio,Campylopterus villaviscensio,LC,LC,,FALSE,TRUE,,,TRUE,1,Campylopterus villaviscensio,Napo Sabrewing
333,Apodiformes,Trochilidae,Goldmania bella,Residente,,Pirre Hummingbird,Goldmania bella,Goldmania bella,Goldmania bella,NT,NT,VU,FALSE,FALSE,,,TRUE,1,Goldmania bella,Pirre Hummingbird
341,Apodiformes,Trochilidae,Saucerottia cyanifrons,Residente Endémica,,Indigo-capped Hummingbird,Saucerottia cyanifrons,Amazilia cyanifrons,Amazilia cyanifrons,LC,LC,,TRUE,FALSE,,,TRUE,1,Saucerottia cyanifrons,Indigo-capped Hummingbird
342,Apodiformes,Trochilidae,Saucerottia castaneiventris,Residente Endémica,,Chestnut-bellied Hummingbird,Saucerottia castaneiventris,Saucerottia castaneiventris,Saucerottia castaneiventris,NT,NT,EN,TRUE,TRUE,,,TRUE,1,Saucerottia castaneiventris,Chestnut-bellied Hummingbird
350,Apodiformes,Trochilidae,Chrysuronia lilliae,Residente Endémica,,Sapphire-bellied Hummingbird,Chrysuronia lilliae,Chrysuronia lilliae,Chrysuronia lilliae,EN,EN,EN,TRUE,TRUE,,,TRUE,1,Chrysuronia lilliae,Sapphire-bellied Hummingbird
351,Apodiformes,Trochilidae,Chrysuronia humboldtii,Residente,,Humboldt's Sapphire,Chrysuronia humboldtii,Chrysuronia humboldtii,Chrysuronia humboldtii,LC,LC,,FALSE,TRUE,,,TRUE,1,Chrysuronia humboldtii,Humboldt's Sapphire
366,Gruiformes,Rallidae,Rallus semiplumbeus,Residente Endémica,,Bogota Rail,Rallus semiplumbeus,Rallus semiplumbeus,Rallus semiplumbeus,VU,VU,EN,TRUE,TRUE,,,TRUE,1,Rallus semiplumbeus,Bogota Rail
384,Gruiformes,Rallidae,Aramides wolfi,Residente,,Brown Wood-Rail,Aramides wolfi,Aramides wolfi,Aramides wolfi,LC,VU,,FALSE,FALSE,,,TRUE,1,Aramides wolfi,Brown Wood-Rail
387,Gruiformes,Rallidae,Porphyriops melanops,Residente,,Spot-flanked Gallinule,Porphyriops melanops,Porphyriops melanops,Porphyriops melanops,LC,LC,EN,FALSE,FALSE,,,TRUE,1,Porphyriops melanops,Spot-flanked Gallinule
395,Charadriiformes,Charadriidae,Pluvialis squatarola,Migratorio Boreal,,Black-bellied Plover,Pluvialis squatarola,Pluvialis squatarola,Pluvialis squatarola,VU,VU,,FALSE,FALSE,,TRUE,,1,Pluvialis squatarola,Black-bellied Plover
445,Charadriiformes,Scolopacidae,Tringa flavipes,Migratorio Boreal,,Lesser Yellowlegs,Tringa flavipes,Tringa flavipes,Tringa flavipes,VU,VU,,FALSE,FALSE,,TRUE,,1,Tringa flavipes,Lesser Yellowlegs
564,Pelecaniformes,Ardeidae,Egretta rufescens,Residente,,Reddish Egret,Egretta rufescens,Egretta rufescens,Egretta rufescens,NT,NT,VU,FALSE,FALSE,,,TRUE,1,Egretta rufescens,Reddish Egret
576,Cathartiformes,Cathartidae,Vultur gryphus,Residente,,Andean Condor,Vultur gryphus,Vultur gryphus,Vultur gryphus,VU,VU,CR,FALSE,FALSE,,,TRUE,1,Vultur gryphus,Andean Condor
581,Accipitriformes,Pandionidae,Pandion haliaetus,Migratorio Boreal,,Osprey,Pandion haliaetus,Pandion haliaetus,Pandion haliaetus,LC,EN,,FALSE,FALSE,,TRUE,,1,Pandion haliaetus,Osprey
588,Accipitriformes,Accipitridae,Harpia harpyja,Residente,,Harpy Eagle,Harpia harpyja,Harpia harpyja,Harpia harpyja,VU,VU,NT,FALSE,FALSE,,,TRUE,1,Harpia harpyja,Harpy Eagle
592,Accipitriformes,Accipitridae,Spizaetus isidori,Residente,,Black-and-chestnut Eagle,Spizaetus isidori,Spizaetus isidori,Spizaetus isidori,EN,EN,EN,FALSE,FALSE,,,TRUE,1,Spizaetus isidori,Black-and-chestnut Eagle
601,Accipitriformes,Accipitridae,Circus cinereus,Residente?,,Cinereous Harrier,Circus cinereus,Circus cinereus,Circus cinereus,LC,LC,EN,FALSE,FALSE,,,,1,Circus cinereus,Cinereous Harrier
615,Accipitriformes,Accipitridae,Buteogallus solitarius,Residente,,Solitary Eagle,Buteogallus solitarius,Buteogallus solitarius,Buteogallus solitarius,NT,NT,CR,FALSE,FALSE,,,TRUE,1,Buteogallus solitarius,Solitary Eagle
641,Strigiformes,Strigidae,Megascops gilesi,Residente Endémica,,Santa Marta Screech-Owl,Megascops gilesi,Megascops gilesi,Megascops gilesi,VU,VU,,TRUE,TRUE,,,TRUE,1,Megascops gilesi,Santa Marta Screech-Owl
651,Strigiformes,Strigidae,Glaucidium nubicola,Residente,,Cloud-forest Pygmy-Owl,Glaucidium nubicola,Glaucidium nubicola,Glaucidium nubicola,VU,VU,VU,FALSE,TRUE,,,TRUE,1,Glaucidium nubicola,Cloud-forest Pygmy-Owl
663,Trogoniformes,Trogonidae,Pharomachrus fulgidus,Residente,,White-tipped Quetzal,Pharomachrus fulgidus,Pharomachrus fulgidus,Pharomachrus fulgidus,LC,LC,,FALSE,TRUE,,,TRUE,1,Pharomachrus fulgidus,White-tipped Quetzal
698,Galbuliformes,Galbulidae,Galbula pastazae,Residente,,Coppery-chested Jacamar,Galbula pastazae,Galbula pastazae,Galbula pastazae,LC,LC,VU,FALSE,FALSE,,,TRUE,1,Galbula pastazae,Coppery-chested Jacamar
709,Galbuliformes,Bucconidae,Bucco noanamae,Residente Endémica,,Sooty-capped Puffbird,Bucco noanamae,Nystactes noanamae,Nystactes noanamae,NT,NT,NT,TRUE,TRUE,,,TRUE,1,Bucco noanamae,Sooty-capped Puffbird
730,Piciformes,Capitonidae,Capito squamatus,Residente,,Orange-fronted Barbet,Capito squamatus,Capito squamatus,Capito squamatus,LC,LC,VU,FALSE,FALSE,,,TRUE,1,Capito squamatus,Orange-fronted Barbet
731,Piciformes,Capitonidae,Capito hypoleucus,Residente Endémica,,White-mantled Barbet,Capito hypoleucus,Capito hypoleucus,Capito hypoleucus,LC,LC,EN,TRUE,FALSE,,,TRUE,1,Capito hypoleucus,White-mantled Barbet
736,Piciformes,Semnornithidae,Semnornis ramphastinus,Residente,,Toucan Barbet,Semnornis ramphastinus,Semnornis ramphastinus,Semnornis ramphastinus,NT,NT,NT,FALSE,TRUE,,,TRUE,1,Semnornis ramphastinus,Toucan Barbet
747,Piciformes,Ramphastidae,Andigena hypoglauca,Residente,,Gray-breasted Mountain-Toucan,Andigena hypoglauca,Andigena hypoglauca,Andigena hypoglauca,LC,LC,VU,FALSE,FALSE,,,TRUE,1,Andigena hypoglauca,Gray-breasted Mountain-Toucan
748,Piciformes,Ramphastidae,Andigena laminirostris,Residente,,Plate-billed Mountain-Toucan,Andigena laminirostris,Andigena laminirostris,Andigena laminirostris,NT,NT,EN,FALSE,FALSE,,,TRUE,1,Andigena laminirostris,Plate-billed Mountain-Toucan
767,Piciformes,Picidae,Picumnus granadensis,Residente Endémica,,Grayish Piculet,Picumnus granadensis,Picumnus granadensis,Picumnus granadensis,LC,LC,,TRUE,TRUE,,,TRUE,1,Picumnus granadensis,Grayish Piculet
772,Piciformes,Picidae,Melanerpes pulcher,Residente Endémica,,Beautiful Woodpecker,Melanerpes pulcher,Melanerpes pulcher,Melanerpes pulcher,LC,LC,,TRUE,TRUE,,,TRUE,1,Melanerpes pulcher,Beautiful Woodpecker
778,Piciformes,Picidae,Dryobates callonotus,Residente,,Scarlet-backed Woodpecker,Dryobates callonotus,Veniliornis callonotus,Veniliornis callonotus,LC,LC,EN,FALSE,FALSE,,,TRUE,1,Dryobates callonotus,Scarlet-backed Woodpecker
787,Piciformes,Picidae,Campephilus gayaquilensis,Residente,,Guayaquil Woodpecker,Campephilus gayaquilensis,Campephilus gayaquilensis,Campephilus gayaquilensis,LC,LC,EN,FALSE,FALSE,,,TRUE,1,Campephilus gayaquilensis,Guayaquil Woodpecker
805,Falconiformes,Falconidae,Micrastur plumbeus,Residente,,Plumbeous Forest-Falcon,Micrastur plumbeus,Micrastur plumbeus,Micrastur plumbeus,VU,VU,EN,FALSE,FALSE,,,TRUE,1,Micrastur plumbeus,Plumbeous Forest-Falcon
825,Psittaciformes,Psittacidae,Touit stictopterus,Residente,,Spot-winged Parrotlet,Touit stictopterus,Touit stictopterus,Touit stictopterus,NT,NT,VU,FALSE,FALSE,,,TRUE,1,Touit stictopterus,Spot-winged Parrotlet
827,Psittaciformes,Psittacidae,Bolborhynchus ferrugineifrons,Residente Endémica,,Rufous-fronted Parakeet,Bolborhynchus ferrugineifrons,Bolborhynchus ferrugineifrons,Bolborhynchus ferrugineifrons,VU,VU,VU,TRUE,TRUE,,,TRUE,1,Bolborhynchus ferrugineifrons,Rufous-fronted Parakeet
832,Psittaciformes,Psittacidae,Hapalopsittaca amazonina,Residente,,Rusty-faced Parrot,Hapalopsittaca amazonina,Hapalopsittaca amazonina,Hapalopsittaca amazonina,NT,NT,VU,FALSE,TRUE,,,TRUE,1,Hapalopsittaca amazonina,Rusty-faced Parrot
833,Psittaciformes,Psittacidae,Hapalopsittaca fuertesi,Residente Endémica,,Indigo-winged Parrot,Hapalopsittaca fuertesi,Hapalopsittaca fuertesi,Hapalopsittaca fuertesi,EN,EN,CR,TRUE,TRUE,,,TRUE,1,Hapalopsittaca fuertesi,Indigo-winged Parrot
856,Psittaciformes,Psittacidae,Forpus spengeli,Residente,,Turquoise-winged Parrotlet,Forpus spengeli,Forpus spengeli,Forpus spengeli,LC,LC,,FALSE,TRUE,,,TRUE,1,Forpus spengeli,Turquoise-winged Parrotlet
858,Psittaciformes,Psittacidae,Pionites leucogaster,Residente,,White-bellied Parrot,Pionites leucogaster,Pionites leucogaster,Pionites leucogaster,VU,VU,,FALSE,FALSE,,,TRUE,1,Pionites leucogaster,White-bellied Parrot
861,Psittaciformes,Psittacidae,Pyrrhura viridicata,Residente Endémica,,Santa Marta Parakeet,Pyrrhura viridicata,Pyrrhura viridicata,Pyrrhura viridicata,EN,EN,EN,TRUE,TRUE,,,TRUE,1,Pyrrhura viridicata,Santa Marta Parakeet
863,Psittaciformes,Psittacidae,Pyrrhura calliptera,Residente Endémica,,Brown-breasted Parakeet,Pyrrhura calliptera,Pyrrhura calliptera,Pyrrhura calliptera,VU,VU,VU,TRUE,FALSE,,,TRUE,1,Pyrrhura calliptera,Brown-breasted Parakeet
869,Psittaciformes,Psittacidae,Ara militaris,Residente,,Military Macaw,Ara militaris,Ara militaris,Ara militaris,VU,VU,VU,FALSE,FALSE,,,TRUE,1,Ara militaris,Military Macaw
870,Psittaciformes,Psittacidae,Ara ambiguus,Residente,,Great Green Macaw,Ara ambiguus,Ara ambiguus,Ara ambiguus,CR,CR,EN,FALSE,FALSE,,,TRUE,1,Ara ambiguus,Great Green Macaw
873,Psittaciformes,Psittacidae,Leptosittaca branickii,Residente,,Golden-plumed Parakeet,Leptosittaca branickii,Leptosittaca branickii,Leptosittaca branickii,LC,LC,VU,FALSE,TRUE,,,TRUE,1,Leptosittaca branickii,Golden-plumed Parakeet
874,Psittaciformes,Psittacidae,Ognorhynchus icterotis,Residente,,Yellow-eared Parrot,Ognorhynchus icterotis,Ognorhynchus icterotis,Ognorhynchus icterotis,VU,VU,EN,FALSE,FALSE,,,TRUE,1,Ognorhynchus icterotis,Yellow-eared Parrot
903,Passeriformes,Thamnophilidae,Clytoctantes alixii,Residente,,Recurve-billed Bushbird,Clytoctantes alixii,Clytoctantes alixii,Clytoctantes alixii,EN,EN,VU,FALSE,FALSE,,,TRUE,1,Clytoctantes alixii,Recurve-billed Bushbird
907,Passeriformes,Thamnophilidae,Dysithamnus occidentalis,Residente,,Bicolored Antvireo,Dysithamnus occidentalis,Dysithamnus occidentalis,Dysithamnus occidentalis,NT,NT,VU,FALSE,TRUE,,,TRUE,1,Dysithamnus occidentalis,Bicolored Antvireo
915,Passeriformes,Thamnophilidae,Xenornis setifrons,Residente,,Spiny-faced Antshrike,Xenornis setifrons,Xenornis setifrons,Xenornis setifrons,NT,NT,VU,FALSE,TRUE,,,TRUE,1,Xenornis setifrons,Spiny-faced Antshrike
942,Passeriformes,Thamnophilidae,Drymophila hellmayri,Residente Endémica,,Santa Marta Antbird,Drymophila hellmayri,Drymophila hellmayri,Drymophila hellmayri,NT,NT,,TRUE,TRUE,,,TRUE,1,Drymophila hellmayri,Santa Marta Antbird
944,Passeriformes,Thamnophilidae,Drymophila caudata,Residente Endémica,,East Andean Antbird,Drymophila caudata,Drymophila caudata,Drymophila caudata,LC,LC,,TRUE,FALSE,,,TRUE,1,Drymophila caudata,East Andean Antbird
949,Passeriformes,Thamnophilidae,Cercomacroides parkeri,Residente Endémica,,Parker's Antbird,Cercomacroides parkeri,Cercomacroides parkeri,Cercomacroides parkeri,LC,LC,,TRUE,FALSE,,,TRUE,1,Cercomacroides parkeri,Parker's Antbird
997,Passeriformes,Conopophagidae,Pittasoma michleri,Residente,,Black-crowned Antpitta,Pittasoma michleri,Pittasoma michleri,Pittasoma michleri,LC,LC,,FALSE,TRUE,,,TRUE,1,Pittasoma michleri,Black-crowned Antpitta
1002,Passeriformes,Grallariidae,Grallaria gigantea,Residente,,Giant Antpitta,Grallaria gigantea,Grallaria gigantea,Grallaria gigantea,VU,VU,VU,FALSE,FALSE,,,TRUE,1,Grallaria gigantea,Giant Antpitta
1004,Passeriformes,Grallariidae,Grallaria alleni,Residente,,Moustached Antpitta,Grallaria alleni,Grallaria alleni,Grallaria alleni,VU,VU,EN,FALSE,TRUE,,,TRUE,1,Grallaria alleni,Moustached Antpitta
1009,Passeriformes,Grallariidae,Grallaria bangsi,Residente Endémica,,Santa Marta Antpitta,Grallaria bangsi,Grallaria bangsi,Grallaria bangsi,VU,VU,VU,TRUE,TRUE,,,TRUE,1,Grallaria bangsi,Santa Marta Antpitta
1010,Passeriformes,Grallariidae,Grallaria kaestneri,Residente Endémica,,Cundinamarca Antpitta,Grallaria kaestneri,Grallaria kaestneri,Grallaria kaestneri,EN,EN,EN,TRUE,TRUE,,,TRUE,1,Grallaria kaestneri,Cundinamarca Antpitta
1012,Passeriformes,Grallariidae,Grallaria flavotincta,Residente,,Yellow-breasted Antpitta,Grallaria flavotincta,Grallaria flavotincta,Grallaria flavotincta,LC,LC,,FALSE,TRUE,,,TRUE,1,Grallaria flavotincta,Yellow-breasted Antpitta
1015,Passeriformes,Grallariidae,Grallaria saltuensis,Residente,,Perija Antpitta,Grallaria saltuensis,Grallaria saltuensis,Grallaria saltuensis,NT,NT,,FALSE,TRUE,,,TRUE,1,Grallaria saltuensis,Perija Antpitta
1016,Passeriformes,Grallariidae,Grallaria rufocinerea,Residente,,Bicolored Antpitta,Grallaria rufocinerea,Grallaria rufocinerea,Grallaria rufocinerea,LC,LC,VU,FALSE,TRUE,,,TRUE,1,Grallaria rufocinerea,Bicolored Antpitta
1021,Passeriformes,Grallariidae,Grallaria urraoensis,Residente Endémica,,Urrao Antpitta,Grallaria urraoensis,Grallaria fenwickorum,Grallaria fenwickorum,CR,CR,EN,TRUE,TRUE,,,TRUE,1,Grallaria urraoensis,Urrao Antpitta
1022,Passeriformes,Grallariidae,Grallaria milleri,Residente Endémica,,Brown-banded Antpitta,Grallaria milleri,Grallaria milleri,Grallaria milleri,VU,VU,EN,TRUE,TRUE,,,TRUE,1,Grallaria milleri,Brown-banded Antpitta
1024,Passeriformes,Grallariidae,Grallaricula lineifrons,Residente,,Crescent-faced Antpitta,Grallaricula lineifrons,Grallaricula lineifrons,Grallaricula lineifrons,LC,LC,,FALSE,TRUE,,,TRUE,1,Grallaricula lineifrons,Crescent-faced Antpitta
1025,Passeriformes,Grallariidae,Grallaricula cucullata,Residente,,Hooded Antpitta,Grallaricula cucullata,Grallaricula cucullata,Grallaricula cucullata,NT,NT,,FALSE,TRUE,,,TRUE,1,Grallaricula cucullata,Hooded Antpitta
1037,Passeriformes,Rhinocryptidae,Scytalopus canus,Residente Endémica,,Paramillo Tapaculo,Scytalopus canus,Scytalopus canus,Scytalopus canus,NT,NT,EN,TRUE,TRUE,,,TRUE,1,Scytalopus canus,Paramillo Tapaculo
1039,Passeriformes,Rhinocryptidae,Scytalopus sanctaemartae,Residente Endémica,,Santa Marta Tapaculo,Scytalopus sanctaemartae,Scytalopus sanctaemartae,Scytalopus sanctaemartae,NT,NT,VU,TRUE,TRUE,,,TRUE,1,Scytalopus sanctaemartae,Santa Marta Tapaculo
1040,Passeriformes,Rhinocryptidae,Scytalopus micropterus,Residente,,Long-tailed Tapaculo,Scytalopus micropterus,Scytalopus micropterus,Scytalopus micropterus,LC,LC,,FALSE,TRUE,,,TRUE,1,Scytalopus micropterus,Long-tailed Tapaculo
1042,Passeriformes,Rhinocryptidae,Scytalopus vicinior,Residente,,Nariño Tapaculo,Scytalopus vicinior,Scytalopus vicinior,Scytalopus vicinior,LC,LC,,FALSE,TRUE,,,TRUE,1,Scytalopus vicinior,Nariño Tapaculo
1043,Passeriformes,Rhinocryptidae,Scytalopus panamensis,Residente,,Tacarcuna Tapaculo,Scytalopus panamensis,Scytalopus panamensis,Scytalopus panamensis,NT,NT,VU,FALSE,FALSE,,,TRUE,1,Scytalopus panamensis,Tacarcuna Tapaculo
1045,Passeriformes,Rhinocryptidae,Scytalopus rodriguezi,Residente Endémica,,Magdalena Tapaculo,Scytalopus rodriguezi,Scytalopus rodriguezi,Scytalopus rodriguezi,EN,EN,VU,TRUE,TRUE,,,TRUE,1,Scytalopus rodriguezi,Magdalena Tapaculo
1046,Passeriformes,Rhinocryptidae,Scytalopus stilesi,Residente Endémica,,Stiles's Tapaculo,Scytalopus stilesi,Scytalopus stilesi,Scytalopus stilesi,LC,LC,EN,TRUE,FALSE,,,TRUE,1,Scytalopus stilesi,Stiles's Tapaculo
1047,Passeriformes,Rhinocryptidae,Scytalopus alvarezlopezi,Residente Endémica,,Tatama Tapaculo,Scytalopus alvarezlopezi,Scytalopus alvarezlopezi,Scytalopus alvarezlopezi,NT,NT,,TRUE,TRUE,,,TRUE,1,Scytalopus alvarezlopezi,Tatama Tapaculo
1049,Passeriformes,Rhinocryptidae,Scytalopus latebricola,Residente Endémica,,Brown-rumped Tapaculo,Scytalopus latebricola,Scytalopus latebricola,Scytalopus latebricola,NT,NT,,TRUE,TRUE,,,TRUE,1,Scytalopus latebricola,Brown-rumped Tapaculo
1050,Passeriformes,Rhinocryptidae,Scytalopus perijanus,Residente,,Perija Tapaculo,Scytalopus perijanus,Scytalopus perijanus,Scytalopus perijanus,NT,NT,VU,FALSE,FALSE,,,TRUE,1,Scytalopus perijanus,Perija Tapaculo
1058,Passeriformes,Formicariidae,Chamaeza turdina,Residente,,Schwartz's Antthrush,Chamaeza turdina,Chamaeza turdina,Chamaeza turdina,LC,LC,,FALSE,TRUE,,,TRUE,1,Chamaeza turdina,Schwartz's Antthrush
1102,Passeriformes,Furnariidae,Pseudocolaptes johnsoni,Residente,,Pacific Tuftedcheek,Pseudocolaptes johnsoni,Pseudocolaptes johnsoni,Pseudocolaptes johnsoni,LC,LC,,FALSE,TRUE,,,TRUE,1,Pseudocolaptes lawrencii,Buffy Tuftedcheek
1123,Passeriformes,Furnariidae,Clibanornis rufipectus,Residente Endémica,,Santa Marta Foliage-gleaner,Clibanornis rufipectus,Clibanornis rufipectus,Clibanornis rufipectus,VU,VU,VU,TRUE,TRUE,,,TRUE,1,Clibanornis rufipectus,Santa Marta Foliage-gleaner
1124,Passeriformes,Furnariidae,Thripadectes ignobilis,Residente,,Uniform Treehunter,Thripadectes ignobilis,Thripadectes ignobilis,Thripadectes ignobilis,LC,LC,,FALSE,TRUE,,,TRUE,1,Thripadectes ignobilis,Uniform Treehunter
1135,Passeriformes,Furnariidae,Margarornis stellatus,Residente,,Fulvous-dotted Treerunner,Margarornis stellatus,Margarornis stellatus,Margarornis stellatus,LC,LC,,FALSE,TRUE,,,TRUE,1,Margarornis stellatus,Fulvous-dotted Treerunner
1137,Passeriformes,Furnariidae,Margarornis bellulus,Residente,,Beautiful Treerunner,Margarornis bellulus,Margarornis bellulus,Margarornis bellulus,NT,NT,VU,FALSE,FALSE,,,TRUE,1,Margarornis bellulus,Beautiful Treerunner
1143,Passeriformes,Furnariidae,Asthenes perijana,Residente,,Perija Thistletail,Asthenes perijana,Asthenes perijana,Asthenes perijana,EN,EN,EN,FALSE,FALSE,,,TRUE,1,Asthenes perijana,Perija Thistletail
1147,Passeriformes,Furnariidae,Siptornis striaticollis,Residente,,Spectacled Prickletail,Siptornis striaticollis,Siptornis striaticollis,Siptornis striaticollis,LC,LC,,FALSE,TRUE,,,TRUE,1,Siptornis striaticollis,Spectacled Prickletail
1148,Passeriformes,Furnariidae,Thripophaga cherriei,Residente,,Orinoco Softtail,Thripophaga cherriei,Thripophaga cherriei,Thripophaga cherriei,VU,VU,,FALSE,FALSE,,,TRUE,1,Thripophaga cherriei,Orinoco Softtail
1153,Passeriformes,Furnariidae,Cranioleuca hellmayri,Residente Endémica,,Streak-capped Spinetail,Cranioleuca hellmayri,Cranioleuca hellmayri,Cranioleuca hellmayri,LC,LC,,TRUE,TRUE,,,TRUE,1,Cranioleuca hellmayri,Streak-capped Spinetail
1161,Passeriformes,Furnariidae,Synallaxis subpudica,Residente Endémica,,Silvery-throated Spinetail,Synallaxis subpudica,Synallaxis subpudica,Synallaxis subpudica,LC,LC,,TRUE,TRUE,,,TRUE,1,Synallaxis subpudica,Silvery-throated Spinetail
1168,Passeriformes,Furnariidae,Synallaxis fuscorufa,Residente Endémica,,Rusty-headed Spinetail,Synallaxis fuscorufa,Synallaxis fuscorufa,Synallaxis fuscorufa,NT,NT,NT,TRUE,TRUE,,,TRUE,1,Synallaxis fuscorufa,Rusty-headed Spinetail
1175,Passeriformes,Pipridae,Chloropipo flavicapilla,Residente,,Yellow-headed Manakin,Chloropipo flavicapilla,Chloropipo flavicapilla,Chloropipo flavicapilla,VU,VU,VU,FALSE,TRUE,,,TRUE,1,Chloropipo flavicapilla,Yellow-headed Manakin
1190,Passeriformes,Pipridae,Machaeropterus deliciosus,Residente,,Club-winged Manakin,Machaeropterus deliciosus,Machaeropterus deliciosus,Machaeropterus deliciosus,LC,LC,,FALSE,TRUE,,,TRUE,1,Machaeropterus deliciosus,Club-winged Manakin
1203,Passeriformes,Cotingidae,Doliornis remseni,Residente,,Chestnut-bellied Cotinga,Doliornis remseni,Doliornis remseni,Doliornis remseni,NT,NT,EN,FALSE,FALSE,,,TRUE,1,Doliornis remseni,Chestnut-bellied Cotinga
1205,Passeriformes,Cotingidae,Ampelion rufaxilla,Residente,,Chestnut-crested Cotinga,Ampelion rufaxilla,Ampelion rufaxilla,Ampelion rufaxilla,LC,LC,VU,FALSE,FALSE,,,TRUE,1,Ampelion rufaxilla,Chestnut-crested Cotinga
1213,Passeriformes,Cotingidae,Pyroderus scutatus,Residente,,Red-ruffed Fruitcrow,Pyroderus scutatus,Pyroderus scutatus,Pyroderus scutatus,LC,LC,VU,FALSE,FALSE,,,TRUE,1,Pyroderus scutatus,Red-ruffed Fruitcrow
1215,Passeriformes,Cotingidae,Cephalopterus penduliger,Residente,,Long-wattled Umbrellabird,Cephalopterus penduliger,Cephalopterus penduliger,Cephalopterus penduliger,VU,VU,EN,FALSE,FALSE,,,TRUE,1,Cephalopterus penduliger,Long-wattled Umbrellabird
1223,Passeriformes,Cotingidae,Lipaugus weberi,Residente Endémica,,Chestnut-capped Piha,Lipaugus weberi,Lipaugus weberi,Lipaugus weberi,CR,CR,CR,TRUE,FALSE,,,TRUE,1,Lipaugus weberi,Chestnut-capped Piha
1224,Passeriformes,Cotingidae,Lipaugus fuscocinereus,Residente,,Dusky Piha,Lipaugus fuscocinereus,Lipaugus fuscocinereus,Lipaugus fuscocinereus,LC,LC,,FALSE,TRUE,,,TRUE,1,Lipaugus fuscocinereus,Dusky Piha
1270,Passeriformes,Tyrannidae,Phylloscartes lanyoni,Residente Endémica,,Antioquia Bristle-Tyrant,Pogonotriccus lanyoni,Pogonotriccus lanyoni,Pogonotriccus lanyoni,VU,VU,EN,TRUE,TRUE,,,TRUE,1,Phylloscartes lanyoni,Antioquia Bristle-Tyrant
1365,Passeriformes,Tyrannidae,Polystictus pectoralis,Residente,,Bearded Tachuri,Polystictus pectoralis,Polystictus pectoralis,Polystictus pectoralis,NT,NT,VU,FALSE,FALSE,,,TRUE,1,Polystictus pectoralis,Bearded Tachuri
1366,Passeriformes,Tyrannidae,Pseudocolopteryx acutipennis,Residente,,Subtropical Doradito,Pseudocolopteryx acutipennis,Pseudocolopteryx acutipennis,Pseudocolopteryx acutipennis,LC,LC,CR,FALSE,FALSE,,,TRUE,1,Pseudocolopteryx acutipennis,Subtropical Doradito
1372,Passeriformes,Tyrannidae,Attila torridus,Residente,,Ochraceous Attila,Attila torridus,Attila torridus,Attila torridus,NT,NT,VU,FALSE,FALSE,,,TRUE,1,Attila torridus,Ochraceous Attila
1415,Passeriformes,Tyrannidae,Myiarchus apicalis,Residente Endémica,,Apical Flycatcher,Myiarchus apicalis,Myiarchus apicalis,Myiarchus apicalis,LC,LC,,TRUE,TRUE,,,TRUE,1,Myiarchus apicalis,Apical Flycatcher
1421,Passeriformes,Tyrannidae,Myiophobus phoenicomitra,Residente,,Orange-crested Flycatcher,Myiophobus phoenicomitra,Myiophobus phoenicomitra,Myiophobus phoenicomitra,LC,LC,,FALSE,TRUE,,,TRUE,1,Myiophobus phoenicomitra,Orange-crested Flycatcher
1440,Passeriformes,Tyrannidae,Muscisaxicola maculirostris,Residente,,Spot-billed Ground-Tyrant,Muscisaxicola maculirostris,Muscisaxicola maculirostris,Muscisaxicola maculirostris,LC,LC,EN,FALSE,FALSE,,,TRUE,1,Muscisaxicola maculirostris,Spot-billed Ground-Tyrant
1446,Passeriformes,Tyrannidae,Myiotheretes pernix,Residente Endémica,,Santa Marta Bush-Tyrant,Myiotheretes pernix,Myiotheretes pernix,Myiotheretes pernix,EN,EN,EN,TRUE,TRUE,,,TRUE,1,Myiotheretes pernix,Santa Marta Bush-Tyrant
1477,Passeriformes,Vireonidae,Pachysylvia semibrunnea,Residente,,Rufous-naped Greenlet,Pachysylvia semibrunnea,Pachysylvia semibrunnea,Pachysylvia semibrunnea,LC,LC,,FALSE,TRUE,,,TRUE,1,Pachysylvia semibrunnea,Rufous-naped Greenlet
1480,Passeriformes,Vireonidae,Vireo masteri,Residente,,Choco Vireo,Vireo masteri,Vireo masteri,Vireo masteri,NT,NT,VU,FALSE,FALSE,,,TRUE,1,Vireo masteri,Choco Vireo
1481,Passeriformes,Vireonidae,Vireo approximans,Residente Endémica,,Mangrove Vireo,Vireo pallens,Vireo pallens,Vireo pallens,LC,LC,VU,TRUE,FALSE,,,TRUE,1,Vireo pallens,Mangrove Vireo
1482,Passeriformes,Vireonidae,Vireo caribaeus,Residente Endémica,,San Andres Vireo,Vireo caribaeus,Vireo caribaeus,Vireo caribaeus,VU,VU,VU,TRUE,FALSE,,,TRUE,1,Vireo caribaeus,San Andres Vireo
1491,Passeriformes,Corvidae,Cyanolyca pulchra,Residente,,Beautiful Jay,Cyanolyca pulchra,Cyanolyca pulchra,Cyanolyca pulchra,NT,NT,VU,FALSE,TRUE,,,TRUE,1,Cyanolyca pulchra,Beautiful Jay
1496,Passeriformes,Alaudidae,Eremophila alpestris,Residente,,Horned Lark,Eremophila alpestris,Eremophila alpestris,Eremophila alpestris,LC,LC,EN,FALSE,FALSE,,,TRUE,1,Eremophila alpestris,Horned Lark
1525,Passeriformes,Troglodytidae,Troglodytes monticola,Residente Endémica,,Santa Marta Wren,Troglodytes monticola,Troglodytes monticola,Troglodytes monticola,CR,CR,EN,TRUE,FALSE,,,TRUE,1,Troglodytes monticola,Santa Marta Wren
1527,Passeriformes,Troglodytidae,Cistothorus apolinari,Residente Endémica,,Apolinar's Wren,Cistothorus apolinari,Cistothorus apolinari,Cistothorus apolinari,EN,EN,CR,TRUE,FALSE,,,TRUE,1,Cistothorus apolinari,Apolinar's Wren
1541,Passeriformes,Troglodytidae,Thryophilus sernai,Residente Endémica,,Antioquia Wren,Thryophilus sernai,Thryophilus sernai,Thryophilus sernai,VU,VU,EN,TRUE,FALSE,,,TRUE,1,Thryophilus sernai,Antioquia Wren
1542,Passeriformes,Troglodytidae,Thryophilus nicefori,Residente Endémica,,Niceforo's Wren,Thryophilus nicefori,Thryophilus nicefori,Thryophilus nicefori,CR,CR,CR,TRUE,TRUE,,,TRUE,1,Thryophilus nicefori,Niceforo's Wren
1550,Passeriformes,Troglodytidae,Henicorhina anachoreta,Residente Endémica,,Hermit Wood-Wren,Henicorhina anachoreta,Henicorhina anachoreta,Henicorhina anachoreta,NT,NT,,TRUE,FALSE,,,TRUE,1,Henicorhina anachoreta,Hermit Wood-Wren
1551,Passeriformes,Troglodytidae,Henicorhina negreti,Residente Endémica,,Munchique Wood-Wren,Henicorhina negreti,Henicorhina negreti,Henicorhina negreti,VU,VU,VU,TRUE,TRUE,,,TRUE,1,Henicorhina negreti,Munchique Wood-Wren
1565,Passeriformes,Turdidae,Myadestes coloratus,Residente,,Varied Solitaire,Myadestes coloratus,Myadestes coloratus,Myadestes coloratus,NT,NT,VU,FALSE,FALSE,,,TRUE,1,Myadestes coloratus,Varied Solitaire
1574,Passeriformes,Turdidae,Entomodestes coracinus,Residente,,Black Solitaire,Entomodestes coracinus,Entomodestes coracinus,Entomodestes coracinus,LC,LC,,FALSE,TRUE,,,TRUE,1,Entomodestes coracinus,Black Solitaire
1605,Passeriformes,Fringillidae,Spinus cucullatus,Residente,,Red Siskin,Spinus cucullatus,Spinus cucullatus,Spinus cucullatus,EN,EN,EN,FALSE,FALSE,,,TRUE,1,Spinus cucullatus,Red Siskin
1612,Passeriformes,Fringillidae,Chlorophonia flavirostris,Residente,,Yellow-collared Chlorophonia,Chlorophonia flavirostris,Chlorophonia flavirostris,Chlorophonia flavirostris,LC,LC,,FALSE,TRUE,,,TRUE,1,Chlorophonia flavirostris,Yellow-collared Chlorophonia
1616,Passeriformes,Fringillidae,Euphonia concinna,Residente Endémica,,Velvet-fronted Euphonia,Euphonia concinna,Euphonia concinna,Euphonia concinna,LC,LC,,TRUE,FALSE,,,TRUE,1,Euphonia concinna,Velvet-fronted Euphonia
1627,Passeriformes,Passerellidae,Oreothraupis arremonops,Residente,,Tanager Finch,Oreothraupis arremonops,Oreothraupis arremonops,Oreothraupis arremonops,LC,LC,,FALSE,TRUE,,,TRUE,1,Oreothraupis arremonops,Tanager Finch
1633,Passeriformes,Passerellidae,Chlorospingus inornatus,Residente,,Pirre Chlorospingus,Chlorospingus inornatus,Chlorospingus inornatus,Chlorospingus inornatus,LC,LC,VU,FALSE,FALSE,,,TRUE,1,Chlorospingus inornatus,Pirre Chlorospingus
1634,Passeriformes,Passerellidae,Chlorospingus semifuscus,Residente,,Dusky Chlorospingus,Chlorospingus semifuscus,Chlorospingus semifuscus,Chlorospingus semifuscus,LC,LC,,FALSE,TRUE,,,TRUE,1,Chlorospingus semifuscus,Dusky Chlorospingus
1635,Passeriformes,Passerellidae,Ammodramus savannarum,Residente,,Grasshopper Sparrow,Ammodramus savannarum,Ammodramus savannarum,Ammodramus savannarum,LC,LC,EN,FALSE,FALSE,,,TRUE,1,Ammodramus savannarum,Grasshopper Sparrow
1640,Passeriformes,Passerellidae,Arremon basilicus,Residente Endémica,,Sierra Nevada Brushfinch,Arremon basilicus,Arremon basilicus,Arremon basilicus,NT,NT,,TRUE,FALSE,,,TRUE,1,Arremon basilicus,Sierra Nevada Brushfinch
1641,Passeriformes,Passerellidae,Arremon perijanus,Residente,,Perija Brushfinch,Arremon perijanus,Arremon perijanus,Arremon perijanus,LC,LC,,FALSE,TRUE,,,TRUE,1,Arremon perijanus,Perija Brushfinch
1645,Passeriformes,Passerellidae,Arremon schlegeli,Residente,,Golden-winged Sparrow,Arremon schlegeli,Arremon schlegeli,Arremon schlegeli,LC,LC,VU,FALSE,FALSE,,,TRUE,1,Arremon schlegeli,Golden-winged Sparrow
1655,Passeriformes,Passerellidae,Atlapetes albofrenatus,Residente,,Moustached Brushfinch,Atlapetes albofrenatus,Atlapetes albofrenatus,Atlapetes albofrenatus,LC,LC,,FALSE,TRUE,,,TRUE,1,Atlapetes albofrenatus,Moustached Brushfinch
1656,Passeriformes,Passerellidae,Atlapetes melanocephalus,Residente Endémica,,Santa Marta Brushfinch,Atlapetes melanocephalus,Atlapetes melanocephalus,Atlapetes melanocephalus,LC,LC,,TRUE,TRUE,,,TRUE,1,Atlapetes melanocephalus,Santa Marta Brushfinch
1658,Passeriformes,Passerellidae,Atlapetes flaviceps,Residente Endémica,,Yellow-headed Brushfinch,Atlapetes flaviceps,Atlapetes flaviceps,Atlapetes flaviceps,NT,NT,VU,TRUE,TRUE,,,TRUE,1,Atlapetes flaviceps,Yellow-headed Brushfinch
1659,Passeriformes,Passerellidae,Atlapetes fuscoolivaceus,Residente Endémica,,Dusky-headed Brushfinch,Atlapetes fuscoolivaceus,Atlapetes fuscoolivaceus,Atlapetes fuscoolivaceus,NT,NT,VU,TRUE,TRUE,,,TRUE,1,Atlapetes fuscoolivaceus,Dusky-headed Brushfinch
1660,Passeriformes,Passerellidae,Atlapetes leucopis,Residente,,White-rimmed Brushfinch,Atlapetes leucopis,Atlapetes leucopis,Atlapetes leucopis,LC,LC,,FALSE,TRUE,,,TRUE,1,Atlapetes leucopis,White-rimmed Brushfinch
1664,Passeriformes,Passerellidae,Atlapetes blancae,Residente Endémica,,Antioquia Brushfinch,Atlapetes blancae,Atlapetes blancae,Atlapetes blancae,CR,CR,CR,TRUE,TRUE,,,TRUE,1,Atlapetes blancae,Antioquia Brushfinch
1677,Passeriformes,Icteridae,Psarocolius cassini,Residente Endémica,,Baudo Oropendola,Psarocolius cassini,Psarocolius cassini,Psarocolius cassini,VU,VU,EN,TRUE,FALSE,,,TRUE,1,Psarocolius cassini,Baudo Oropendola
1687,Passeriformes,Icteridae,Icterus icterus,Residente,,Venezuelan Troupial,Icterus icterus,Icterus icterus,Icterus icterus,LC,LC,VU,FALSE,FALSE,,,TRUE,1,Icterus icterus,Venezuelan Troupial
1695,Passeriformes,Icteridae,Icterus leucopteryx,Residente,,Jamaican Oriole,Icterus leucopteryx,Icterus leucopteryx,Icterus leucopteryx,LC,LC,CR,FALSE,FALSE,,,TRUE,1,Icterus leucopteryx,Jamaican Oriole
1698,Passeriformes,Icteridae,Molothrus aeneus,Residente,,Bronzed Cowbird,Molothrus aeneus,Molothrus aeneus,Molothrus armenti,NT,LC,VU,FALSE,TRUE,,,TRUE,1,Molothrus aeneus,Bronzed Cowbird
1704,Passeriformes,Icteridae,Hypopyrrhus pyrohypogaster,Residente Endémica,,Red-bellied Grackle,Hypopyrrhus pyrohypogaster,Hypopyrrhus pyrohypogaster,Hypopyrrhus pyrohypogaster,VU,VU,VU,TRUE,FALSE,,,TRUE,1,Hypopyrrhus pyrohypogaster,Red-bellied Grackle
1706,Passeriformes,Icteridae,Macroagelaius subalaris,Residente Endémica,,Mountain Grackle,Macroagelaius subalaris,Macroagelaius subalaris,Macroagelaius subalaris,EN,EN,EN,TRUE,TRUE,,,TRUE,1,Macroagelaius subalaris,Mountain Grackle
1728,Passeriformes,Parulidae,Setophaga cerulea,Migratorio Boreal,,Cerulean Warbler,Setophaga cerulea,Setophaga cerulea,Setophaga cerulea,NT,NT,VU,FALSE,FALSE,,TRUE,,1,Setophaga cerulea,Cerulean Warbler
1746,Passeriformes,Parulidae,Myiothlypis basilica,Residente Endémica,,Santa Marta Warbler,Myiothlypis basilica,Myiothlypis basilica,Myiothlypis basilica,NT,NT,EN,TRUE,TRUE,,,TRUE,1,Myiothlypis basilica,Santa Marta Warbler
1750,Passeriformes,Parulidae,Myiothlypis chrysogaster,Residente,,Choco Warbler,Myiothlypis chlorophrys,Myiothlypis chlorophrys,Myiothlypis chlorophrys,LC,LC,,FALSE,TRUE,,,TRUE,1,Myiothlypis chrysogaster,Golden-bellied Warbler
1751,Passeriformes,Parulidae,Myiothlypis conspicillata,Residente Endémica,,White-lored Warbler,Myiothlypis conspicillata,Myiothlypis conspicillata,Myiothlypis conspicillata,NT,NT,VU,TRUE,TRUE,,,TRUE,1,Myiothlypis conspicillata,White-lored Warbler
1756,Passeriformes,Parulidae,Basileuterus ignotus,Residente,,Pirre Warbler,Basileuterus ignotus,Basileuterus ignotus,Basileuterus ignotus,VU,VU,EN,FALSE,FALSE,,,TRUE,1,Basileuterus ignotus,Pirre Warbler
1761,Passeriformes,Parulidae,Myioborus flavivertex,Residente Endémica,,Yellow-crowned Redstart,Myioborus flavivertex,Myioborus flavivertex,Myioborus flavivertex,LC,LC,,TRUE,TRUE,,,TRUE,1,Myioborus flavivertex,Yellow-crowned Redstart
1762,Passeriformes,Parulidae,Myioborus ornatus,Residente,,Golden-fronted Redstart,Myioborus ornatus,Myioborus ornatus,Myioborus ornatus,LC,LC,,FALSE,TRUE,,,TRUE,1,Myioborus ornatus,Golden-fronted Redstart
1772,Passeriformes,Cardinalidae,Habia gutturalis,Residente Endémica,,Sooty Ant-Tanager,Driophlox gutturalis,Habia gutturalis,Habia gutturalis,LC,LC,,TRUE,TRUE,,,TRUE,1,Habia gutturalis,Sooty Ant-Tanager
1773,Passeriformes,Cardinalidae,Habia cristata,Residente Endémica,,Crested Ant-Tanager,Driophlox cristata,Habia cristata,Habia cristata,LC,LC,,TRUE,TRUE,,,TRUE,1,Habia cristata,Crested Ant-Tanager
1781,Passeriformes,Cardinalidae,Cardinalis phoeniceus,Residente,,Vermilion Cardinal,Cardinalis phoeniceus,Cardinalis phoeniceus,Cardinalis phoeniceus,LC,LC,VU,FALSE,FALSE,,,TRUE,1,Cardinalis phoeniceus,Vermilion Cardinal
1792,Passeriformes,Thraupidae,Sericossypha albocristata,Residente,,White-capped Tanager,Sericossypha albocristata,Sericossypha albocristata,Sericossypha albocristata,VU,VU,,FALSE,TRUE,,,TRUE,1,Sericossypha albocristata,White-capped Tanager
1803,Passeriformes,Thraupidae,Conirostrum margaritae,Residente,,Pearly-breasted Conebill,Conirostrum margaritae,Conirostrum margaritae,Conirostrum margaritae,VU,VU,,FALSE,FALSE,,,TRUE,1,Conirostrum margaritae,Pearly-breasted Conebill
1819,Passeriformes,Thraupidae,Diglossa gloriosissima,Residente Endémica,,Chestnut-bellied Flowerpiercer,Diglossa gloriosissima,Diglossa gloriosissima,Diglossa gloriosissima,NT,NT,VU,TRUE,TRUE,,,TRUE,1,Diglossa gloriosissima,Chestnut-bellied Flowerpiercer
1824,Passeriformes,Thraupidae,Diglossa indigotica,Residente,,Indigo Flowerpiercer,Diglossa indigotica,Diglossa indigotica,Diglossa indigotica,LC,LC,,FALSE,TRUE,,,TRUE,1,Diglossa indigotica,Indigo Flowerpiercer
1832,Passeriformes,Thraupidae,Creurgops verticalis,Residente,,Rufous-crested Tanager,Creurgops verticalis,Creurgops verticalis,Creurgops verticalis,LC,LC,VU,FALSE,FALSE,,,TRUE,1,Creurgops verticalis,Rufous-crested Tanager
1856,Passeriformes,Thraupidae,Dacnis hartlaubi,Residente Endémica,,Turquoise Dacnis,Dacnis hartlaubi,Dacnis hartlaubi,Dacnis hartlaubi,NT,NT,VU,TRUE,TRUE,,,TRUE,1,Dacnis hartlaubi,Turquoise Dacnis
1860,Passeriformes,Thraupidae,Dacnis berlepschi,Residente,,Scarlet-breasted Dacnis,Dacnis berlepschi,Dacnis berlepschi,Dacnis berlepschi,LC,VU,,FALSE,FALSE,,,TRUE,1,Dacnis berlepschi,Scarlet-breasted Dacnis
1886,Passeriformes,Thraupidae,Saltator cinctus,Residente,,Masked Saltator,Saltator cinctus,Saltator cinctus,Saltator cinctus,LC,LC,VU,FALSE,FALSE,,,TRUE,1,Saltator cinctus,Masked Saltator
1889,Passeriformes,Thraupidae,Pseudospingus verticalis,Residente,,Black-headed Hemispingus,Pseudospingus verticalis,Pseudospingus verticalis,Pseudospingus verticalis,LC,LC,,FALSE,TRUE,,,TRUE,1,Pseudospingus verticalis,Black-headed Hemispingus
1898,Passeriformes,Thraupidae,Urothraupis stolzmanni,Residente,,Black-backed Bush Tanager,Urothraupis stolzmanni,Urothraupis stolzmanni,Urothraupis stolzmanni,LC,LC,,FALSE,TRUE,,,TRUE,1,Urothraupis stolzmanni,Black-backed Bush Tanager
1904,Passeriformes,Thraupidae,Chlorochrysa phoenicotis,Residente,,Glistening-green Tanager,Chlorochrysa phoenicotis,Chlorochrysa phoenicotis,Chlorochrysa phoenicotis,LC,LC,,FALSE,TRUE,,,TRUE,1,Chlorochrysa phoenicotis,Glistening-green Tanager
1906,Passeriformes,Thraupidae,Chlorochrysa nitidissima,Residente Endémica,,Multicolored Tanager,Chlorochrysa nitidissima,Chlorochrysa nitidissima,Chlorochrysa nitidissima,NT,NT,VU,TRUE,TRUE,,,TRUE,1,Chlorochrysa nitidissima,Multicolored Tanager
1912,Passeriformes,Thraupidae,Iridosornis porphyrocephalus,Residente,,Purplish-mantled Tanager,Iridosornis porphyrocephalus,Iridosornis porphyrocephalus,Iridosornis porphyrocephalus,NT,NT,,FALSE,TRUE,,,TRUE,1,Iridosornis porphyrocephalus,Purplish-mantled Tanager
1917,Passeriformes,Thraupidae,Anisognathus melanogenys,Residente Endémica,,Black-cheeked Mountain Tanager,Anisognathus melanogenys,Anisognathus melanogenys,Anisognathus melanogenys,LC,LC,,TRUE,TRUE,,,TRUE,1,Anisognathus melanogenys,Black-cheeked Mountain Tanager
1921,Passeriformes,Thraupidae,Anisognathus notabilis,Residente,,Black-chinned Mountain Tanager,Anisognathus notabilis,Anisognathus notabilis,Anisognathus notabilis,LC,LC,,FALSE,TRUE,,,TRUE,1,Anisognathus notabilis,Black-chinned Mountain Tanager
1923,Passeriformes,Thraupidae,Tephrophilus wetmorei,Residente,,Masked Mountain Tanager,Tephrophilus wetmorei,Tephrophilus wetmorei,Tephrophilus wetmorei,VU,VU,VU,FALSE,TRUE,,,TRUE,1,Tephrophilus wetmorei,Masked Mountain Tanager
1928,Passeriformes,Thraupidae,Bangsia melanochlamys,Residente Endémica,,Black-and-gold Tanager,Bangsia melanochlamys,Bangsia melanochlamys,Bangsia melanochlamys,LC,VU,VU,TRUE,TRUE,,,TRUE,1,Bangsia melanochlamys,Black-and-gold Tanager
1929,Passeriformes,Thraupidae,Bangsia rothschildi,Residente,,Golden-chested Tanager,Bangsia rothschildi,Bangsia rothschildi,Bangsia rothschildi,LC,LC,,FALSE,TRUE,,,TRUE,1,Bangsia rothschildi,Golden-chested Tanager
1930,Passeriformes,Thraupidae,Bangsia edwardsi,Residente,,Moss-backed Tanager,Bangsia edwardsi,Bangsia edwardsi,Bangsia edwardsi,LC,LC,NT,FALSE,TRUE,,,TRUE,1,Bangsia edwardsi,Moss-backed Tanager
1931,Passeriformes,Thraupidae,Bangsia aureocincta,Residente Endémica,,Gold-ringed Tanager,Bangsia aureocincta,Bangsia aureocincta,Bangsia aureocincta,VU,VU,VU,TRUE,TRUE,,,TRUE,1,Bangsia aureocincta,Gold-ringed Tanager
1932,Passeriformes,Thraupidae,Bangsia flavovirens,Residente,,Yellow-green Tanager,Bangsia flavovirens,Bangsia flavovirens,Bangsia flavovirens,VU,VU,VU,FALSE,TRUE,,,TRUE,1,Bangsia flavovirens,Yellow-green Tanager
1944,Passeriformes,Thraupidae,Tangara fucosa,Hipotética,,Green-naped Tanager,Tangara fucosa,Tangara fucosa,Tangara fucosa,LC,LC,VU,FALSE,FALSE,,,,1,Tangara fucosa,Green-naped Tanager
1960,Passeriformes,Thraupidae,Tangara florida,Residente,,Emerald Tanager,Tangara florida,Tangara florida,Tangara florida,LC,LC,,FALSE,TRUE,,,TRUE,1,Tangara florida,Emerald Tanager
1966,Passeriformes,Thraupidae,Ixothraupis rufigula,Residente,,Rufous-throated Tanager,Ixothraupis rufigula,Tangara rufigula,Tangara rufigula,LC,LC,,FALSE,TRUE,,,TRUE,1,Ixothraupis rufigula,Rufous-throated Tanager
